<?xml version='1.0' encoding='utf-8' standalone='yes' ?>
<map>
    <string name="prev_event_name">video_start</string>
    <long name="prev_event_timestamp" value="1759051016342" />
    <int name="appsFlyerInAppEventCount" value="5" />
    <string name="prev_event_value">{&quot;PageID&quot;:&quot;player&quot;,&quot;VideoCategory&quot;:&quot;Shows&quot;,&quot;TimeToLoadPlayer&quot;:&quot;525&quot;,&quot;VideoViewType&quot;:&quot;VOD&quot;,&quot;SegmentID&quot;:&quot;ALL&quot;,&quot;SubscribedPackSKU&quot;:&quot;liv_pre_12m&quot;,&quot;CampaignName&quot;:null,&quot;EntryPoint&quot;:&quot;episode_range_tab_thumbnail_click&quot;,&quot;AdSupport&quot;:&quot;AD_SUPPORTED&quot;,&quot;SourceAcquisition&quot;:&quot;NA&quot;,&quot;VideoValue&quot;:&quot;AVOD&quot;,&quot;EpisodeNumber&quot;:&quot;5&quot;,&quot;AppName&quot;:&quot;Sony LIV&quot;,&quot;PlayerOrientation&quot;:&quot;Portrait&quot;,&quot;Language&quot;:&quot;Hindi&quot;,&quot;CPID&quot;:&quot;2502280531546157893&quot;,&quot;MultiProfileCategory&quot;:&quot;Primary&quot;,&quot;VideoSubType&quot;:&quot;EPISODE&quot;,&quot;ContentID&quot;:&quot;1090490890&quot;,&quot;BandID&quot;:&quot;1111_9013688&quot;,&quot;BandTitle&quot;:&quot;1-100&quot;,&quot;VideoLanguage&quot;:&quot;HIN&quot;,&quot;LoggedInMedium&quot;:&quot;Phone Number&quot;,&quot;IsAutoPlayed&quot;:&quot;No&quot;,&quot;SeasonNumber&quot;:&quot;1&quot;,&quot;MultiProfileType&quot;:&quot;Adult&quot;,&quot;TimeTakeToLoadVideo&quot;:&quot;1759051016245&quot;,&quot;VideoGenre&quot;:&quot;Drama&quot;,&quot;UserGender&quot;:&quot;Male&quot;,&quot;CastDevice&quot;:&quot;null&quot;,&quot;Channel&quot;:&quot;Mobile&quot;,&quot;UserAge&quot;:&quot;25&quot;,&quot;NoOfProfilesPresent&quot;:&quot;5&quot;,&quot;PartnerID&quot;:&quot;&quot;,&quot;Preview&quot;:&quot;Yes&quot;,&quot;VideoLength&quot;:&quot;1457000&quot;,&quot;ShowName&quot;:&quot;Chalo Bulawa Aya Hai, Mata Ne Bulaya Hai&quot;,&quot;ProfileNumber&quot;:&quot;502060813&quot;,&quot;SubscriptionStatus&quot;:&quot;SVOD&quot;,&quot;IsUpdatedSchema&quot;:&quot;Yes&quot;,&quot;BroadcastChannel&quot;:&quot;SET&quot;,&quot;ClientID&quot;:&quot;2cc26eb6-12e2-4811-9b55-50a271504731&quot;,&quot;UserType&quot;:&quot;Logged In&quot;,&quot;PlayerMode&quot;:&quot;online&quot;,&quot;VideoTitle&quot;:&quot;Mannu Ki Leave Application&quot;}</string>
    <long name="prev_session_dur" value="9" />
    <boolean name="ddl_sent" value="true" />
    <string name="ddl">{&quot;from_fg&quot;:435,&quot;net&quot;:[678],&quot;rfr_wait&quot;:2,&quot;status&quot;:&quot;NOT_FOUND&quot;,&quot;timeout_value&quot;:3000}</string>
    <int name="versionCode" value="9999" />
    <long name="init_ts" value="1758986259889" />
    <long name="fg_ts" value="1758986263072" />
    <string name="savedProperties">{&quot;uid&quot;:&quot;1758986263086-8226874090609624083&quot;,&quot;shouldLog&quot;:&quot;false&quot;,&quot;logLevel&quot;:&quot;0&quot;,&quot;AppsFlyerKey&quot;:&quot;3TV78onneSTLeEX8p8B4y8&quot;,&quot;advertiserId&quot;:&quot;a110402a-3279-41e9-889b-63db5469bf63&quot;,&quot;advertiserIdEnabled&quot;:&quot;true&quot;}</string>
    <string name="AF_INSTALLATION">1758986263086-8226874090609624083</string>
    <long name="exception_number" value="2" />
    <int name="appsFlyerCount" value="7" />
    <long name="AppsFlyerTimePassedSincePrevLaunch" value="1759071460074" />
    <boolean name="newGPReferrerSent" value="true" />
    <string name="first_launch">{}</string>
    <string name="appsFlyerFirstInstall">2025-09-27_151744+0000</string>
    <string name="attributionId">{&quot;af_status&quot;:&quot;Organic&quot;,&quot;af_message&quot;:&quot;organic install&quot;,&quot;is_first_launch&quot;:false}</string>
</map>
