<?xml version='1.0' encoding='utf-8' standalone='yes' ?>
<map>
    <long name="first_open_time" value="1758986259765" />
    <string name="gmp_app_id">1:732565920259:android:f6e58ab0ed20c3cd</string>
    <string name="app_instance_id">faec56a51a84dd9f66ca61c44c9a78c4</string>
    <long name="session_id" value="1759050992" />
    <boolean name="app_backgrounded" value="false" />
    <long name="health_monitor:start" value="1758986260114" />
    <boolean name="use_service" value="true" />
    <boolean name="deferred_analytics_collection" value="false" />
    <string name="previous_os_version">12</string>
    <boolean name="has_been_opened" value="true" />
    <boolean name="allow_remote_dynamite" value="true" />
    <long name="last_pause_time" value="1759051021588" />
    <boolean name="start_new_session" value="true" />
</map>
