<?xml version='1.0' encoding='utf-8' standalone='yes' ?>
<map>
    <string name="page_visit:48K-8WW-754Z">19|1758986267|1759071460</string>
    <string name="App Launched:48K-8WW-754Z">5|1758986260|1759071458</string>
    <string name="play_start:48K-8WW-754Z">2|1759051010|1759051016</string>
    <string name="thumbnail_click:48K-8WW-754Z">2|1759051004|1759051015</string>
    <string name="play_stop:48K-8WW-754Z">2|1759051015|1759051019</string>
    <string name="enable_push_notification:48K-8WW-754Z">1|1758986299|1758986299</string>
</map>
