<?xml version='1.0' encoding='utf-8' standalone='yes' ?>
<map>
    <string name="deviceId:48K-8WW-754Z">__a3c3cdbc60e942f3b290f0c6a22f7fb1</string>
    <string name="ict_date:__a3c3cdbc60e942f3b290f0c6a22f7fb1:48K-8WW-754Z">28092025</string>
    <int name="lastSessionId:48K-8WW-754Z" value="1759071458" />
    <string name="fcm_token:48K-8WW-754Z">cgZIHOrITveA03a60kFebf:APA91bG6oemVowdh7xfCo-hSNDAFGPMBGtEbKPnzLHqnx6E8YSOfzk2SagDKzV6W2jn8am_P-7284uvLEoRcWeIwKIiwqsBS9mm6thYomQ2h96bM3eL2OK4</string>
    <boolean name="NetworkInfo:48K-8WW-754Z" value="true" />
    <boolean name="OptOut:__a3c3cdbc60e942f3b290f0c6a22f7fb1:48K-8WW-754Z" value="false" />
    <string name="comms_dmn:48K-8WW-754Z">eu1.clevertap-prod.com</string>
    <int name="comms_last_ts:48K-8WW-754Z" value="1759071462" />
    <int name="comms_first_ts:48K-8WW-754Z" value="1758986262" />
    <int name="sexe:48K-8WW-754Z" value="1759071469" />
    <int name="comms_mtd:48K-8WW-754Z" value="0" />
    <int name="pfjobid" value="238148191" />
    <string name="instance:48K-8WW-754Z">{&quot;accountId&quot;:&quot;48K-8WW-754Z&quot;,&quot;accountToken&quot;:&quot;00b-3b4&quot;,&quot;fcmSenderId&quot;:&quot;732565920259&quot;,&quot;analyticsOnly&quot;:false,&quot;isDefaultInstance&quot;:true,&quot;useGoogleAdId&quot;:false,&quot;disableAppLaunchedEvent&quot;:false,&quot;personalization&quot;:true,&quot;debugLevel&quot;:0,&quot;createdPostAppLaunch&quot;:false,&quot;sslPinning&quot;:false,&quot;backgroundSync&quot;:true,&quot;getEnableCustomCleverTapId&quot;:false,&quot;beta&quot;:false,&quot;allowedPushTypes&quot;:[&quot;FCM&quot;,&quot;XPS&quot;,&quot;HPS&quot;,&quot;BPS&quot;,&quot;ADM&quot;]}</string>
    <int name="istc_inapp:__a3c3cdbc60e942f3b290f0c6a22f7fb1:48K-8WW-754Z" value="0" />
    <string name="comms_dmn_spiky:48K-8WW-754Z">eu1-spiky.clevertap-prod.com</string>
    <string name="SP_KEY_PROFILE_IDENTITIES:48K-8WW-754Z">Email,Identity</string>
    <string name="cachedGUIDsKey:48K-8WW-754Z">{&quot;Email_&quot;:&quot;__a3c3cdbc60e942f3b290f0c6a22f7fb1&quot;,&quot;Identity_2502280531546157893&quot;:&quot;__a3c3cdbc60e942f3b290f0c6a22f7fb1&quot;}</string>
</map>
