{"Fid":"fMUbSeF1TfGd8HY2Fui8xn","Status":3,"AuthToken":"eyJhbGciOiJFUzI1NiIsInR5cCI6IkpXVCJ9.eyJhcHBJZCI6IjE6NzMyNTY1OTIwMjU5OmFuZHJvaWQ6ZjZlNThhYjBlZDIwYzNjZCIsImV4cCI6MTc1OTY1NTgwMSwiZmlkIjoiZk1VYlNlRjFUZkdkOEhZMkZ1aTh4biIsInByb2plY3ROdW1iZXIiOjczMjU2NTkyMDI1OX0.AB2LPV8wRgIhAJxHCrIlp4F2yM6E9VFDR4PJBuB2FhhqGoIYplbPXzTsAiEAmVg1qRxwgdWRhxqQPwjymHZapI1Ymf2KJNZrqFNmnlk","RefreshToken":"3_AS3qfwLuLDB9aEM00lAx9j79vFCdNeMt9nnKV64vrKIn_dquxrkxBWMAbb6A_31xoS1Rvu7-fy6vfCqBOEjUsOav-b8-oRvD16SNAbSSULixrjc","TokenCreationEpochInSecs":1759051001,"ExpiresInSecs":604800}